individual,time,behaviour
20250127_positive-control_0_1,118201.41666666667,Feeding
20250127_positive-control_0_1,121004.21666666667,Bite
20250127_positive-control_0_1,124624.50000000001,Feeding
20250127_positive-control_0_2,118685.23333333334,Moving
20250127_positive-control_0_2,124257.46666666667,Vigilance
20250127_positive-control_0_2,135385.25,Vigilance
20250127_positive-control_0_3,120820.7,Feeding
20250127_positive-control_0_3,121805.01666666668,Bite
20250127_positive-control_0_3,122956.16666666667,Bite
20250127_positive-control_0_3,125992.53333333334,Bite
20250127_positive-control_0_3,130997.53333333334,Bite
20250127_positive-control_0_3,131164.36666666667,Bite
20250127_positive-control_0_3,137504.03333333335,Bite
20250127_positive-control_0_3,144344.2,Bite
20250127_positive-control_0_3,157807.65,Bite
20250127_positive-control_0_3,160610.45,Bite
20250127_positive-control_0_3,173039.53333333333,Bite
20250127_positive-control_0_3,173273.1,Bite
20250127_positive-control_0_3,177193.68333333335,Bite
20250127_positive-control_0_4,173723.55000000002,Feeding
20250127_positive-control_0_4,175825.65,Bite
20250127_positive-control_0_4,178394.88333333336,Bite
20250127_positive-control_0_5,197480.61666666667,Moving
20250127_positive-control_0_6,213379.83333333334,Moving
20250127_positive-control_1_7,285668.7166666667,Feeding
20250127_positive-control_1_8,289656.0333333334,Feeding
20250127_positive-control_1_8,289656.0333333334,Bite
20250127_positive-control_1_8,289656.0333333334,Bite
20250127_positive-control_1_8,290089.80000000005,Bite
20250127_positive-control_1_8,290423.4666666667,Bite
20250127_positive-control_1_8,290923.9666666667,Bite
20250127_positive-control_1_8,291774.8166666667,Bite
20250127_positive-control_1_8,292558.93333333335,Bite
20250127_positive-control_1_8,293293.0,Bite
20250127_positive-control_1_8,293943.64999999997,Bite
20250127_positive-control_1_8,295928.9666666667,Moving
20250127_positive-control_1_8,297130.1666666667,Moving
20250127_positive-control_1_8,299699.4,Vigilance
20250127_positive-control_1_8,300016.38333333336,Vigilance
20250127_positive-control_1_9,290556.93333333335,Moving
20250127_positive-control_1_10,303019.38333333336,Moving
20250127_positive-control_1_11,341024.01666666666,Moving
20250127_positive-control_1_12,341174.1666666667,Moving
20250127_positive-control_1_13,379011.9666666667,Moving
20250127_positive-control_2_14,197313.78333333333,Moving
20250127_positive-control_2_15,198965.43333333335,Feeding
20250127_positive-control_2_15,200216.68333333335,Bite
20250127_positive-control_2_15,200967.43333333332,Bite
20250127_positive-control_2_15,202118.58333333334,Moving
20250127_positive-control_2_16,217250.36666666667,Moving
20250127_positive-control_3_17,224958.06666666668,Feeding
20250127_positive-control_3_17,225208.31666666668,Bite
20250127_positive-control_3_18,227143.58333333334,Moving
20250127_positive-control_3_19,232115.21666666667,Moving
20250127_positive-control_3_20,242342.1,Moving
20250127_positive-control_3_21,244244.0,Moving
20250127_positive-control_3_22,250416.83333333337,Moving
20250127_positive-control_3_23,250900.65000000002,Moving
20250127_positive-control_3_24,256439.5166666667,Moving
20250127_positive-control_3_25,257240.31666666668,Moving
20250127_positive-control_3_26,261928.33333333334,Moving
20250127_positive-control_3_27,267967.7,Moving
20250127_positive-control_3_28,268601.6666666667,Moving
20250127_positive-control_3_29,278861.9166666667,Feeding
20250127_positive-control_3_29,283383.10000000003,Bite
20250127_positive-control_3_29,283900.2833333333,Bite
20250127_positive-control_3_29,283516.56666666665,Bite
20250127_positive-control_3_29,290223.26666666666,Moving
20250127_positive-control_3_30,281180.9,Moving
20250127_positive-control_3_31,281147.5333333333,Feeding
20250127_positive-control_3_31,281648.0333333333,Bite
20250127_positive-control_3_31,283733.45,Bite
20250127_positive-control_3_31,284951.3333333334,Bite
20250127_positive-control_3_31,281614.6666666667,Bite
20250127_positive-control_3_31,288321.3666666667,Bite
20250127_positive-control_3_31,290239.95,Bite
20250127_positive-control_3_31,291791.50000000006,Bite
20250127_positive-control_3_31,293326.3666666667,Bite
20250127_positive-control_3_31,293776.81666666665,Bite
20250127_positive-control_3_31,294927.9666666667,Bite
20250127_positive-control_3_31,296129.1666666667,Bite
20250127_positive-control_3_31,297180.2166666667,Bite
20250127_positive-control_3_31,297730.76666666666,Bite
20250127_positive-control_3_31,298681.7166666667,Bite
20250127_positive-control_3_31,299716.0833333334,Bite
20250127_positive-control_3_31,300550.25,Bite
20250127_positive-control_3_31,301868.23333333334,Bite
20250127_positive-control_3_31,303853.55000000005,Bite
20250127_positive-control_3_31,305221.5833333333,Bite
20250127_positive-control_3_31,306489.5166666667,Bite
20250127_positive-control_3_31,307073.43333333335,Bite
20250127_positive-control_3_31,309008.7,Bite
20250127_positive-control_3_31,310410.1,Bite
20250127_positive-control_3_31,313179.5333333333,Bite
20250127_positive-control_3_31,316833.18333333335,Bite
20250127_positive-control_3_31,318234.5833333334,Bite
20250127_positive-control_3_31,321004.0166666667,Bite
20250127_positive-control_3_32,313229.5833333333,Feeding
20250127_positive-control_3_32,315231.5833333333,Bite
20250127_positive-control_3_32,319602.6166666667,Bite
20250127_positive-control_3_32,320219.9,Bite
20250127_positive-control_3_32,320470.14999999997,Bite
20250127_positive-control_4_33,110693.91666666667,Feeding
20250127_positive-control_4_33,111211.1,Bite
20250127_positive-control_4_33,113980.53333333334,Bite
20250127_positive-control_4_33,127043.58333333334,Bite
20250127_positive-control_4_33,130830.70000000001,Bite
20250127_positive-control_7_34,405671.93333333335,Feeding
20250127_positive-control_7_34,407807.4,Bite
20250127_positive-control_7_34,405972.23333333334,Bite
20250127_positive-control_8_35,17600.916666666668,Moving
20250127_positive-control_8_36,46796.75,Moving
20250127_positive-control_8_37,46629.916666666664,Feeding
20250127_positive-control_8_37,49649.6,Bite
20250127_positive-control_8_37,51351.3,Bite
20250127_positive-control_8_37,52802.75,Bite
20250127_positive-control_8_37,54421.03333333333,Bite
20250127_positive-control_8_37,54904.850000000006,Bite
20250127_positive-control_8_37,55989.26666666667,Bite
20250127_positive-control_8_37,60610.55,Bite
20250127_positive-control_8_37,61111.05,Bite
20250127_positive-control_8_37,66933.53333333333,Bite
20250127_positive-control_8_38,47297.25000000001,Feeding
20250127_positive-control_8_38,50533.816666666666,Bite
20250127_positive-control_8_38,51134.416666666664,Bite
20250127_positive-control_8_38,53153.1,Bite
20250127_positive-control_8_38,55538.816666666666,Bite
20250127_positive-control_8_38,60293.56666666667,Bite
20250127_positive-control_8_38,61327.933333333334,Bite
20250127_positive-control_8_38,63329.933333333334,Bite
20250127_positive-control_8_38,68368.3,Bite
20250127_positive-control_8_38,73256.51666666666,Bite
20250127_positive-control_8_38,73890.48333333334,Bite
20250127_positive-control_9_39,368034.3333333333,Moving
20250107_barracuda_0_40,51234.51666666667,Moving
20250107_barracuda_0_41,54788.06666666667,Moving
20250107_barracuda_0_41,84017.26666666668,Vigilance
20250107_barracuda_0_41,94878.11666666667,Moving
20250107_barracuda_0_42,60210.15000000001,Moving
20250107_barracuda_0_43,65165.10000000001,Moving
20250107_barracuda_0_43,78962.21666666667,Conspecific aggression
20250107_barracuda_0_44,74257.51666666668,Vigilance
20250107_barracuda_0_45,77944.53333333334,Vigilance
20250107_barracuda_0_46,81197.78333333334,Vigilance
20250107_barracuda_0_47,88188.1,Vigilance
20250107_barracuda_1_48,137754.28333333335,Moving
20250107_barracuda_1_49,154904.75,Moving
20250107_barracuda_1_49,156456.3,Predator avoidance
20250107_barracuda_1_50,173873.7,Moving
20250107_barracuda_2_51,397880.8166666667,Moving
20250107_barracuda_2_52,402618.88333333336,Moving
20250107_barracuda_2_52,422789.0333333333,Vigilance
20250107_barracuda_2_52,429095.3333333334,Moving
20250107_barracuda_2_53,416499.4166666667,Moving
20250107_barracuda_3_54,411661.25,Feeding
20250107_barracuda_3_54,421821.4,Moving
20250107_barracuda_3_54,461010.55000000005,Feeding
20250107_barracuda_3_54,465064.60000000003,Bite
20250107_barracuda_3_54,473523.05,Moving
20250107_barracuda_3_55,413045.9666666667,Moving
20250107_barracuda_3_56,470353.2166666667,Moving
20250107_barracuda_4_57,79212.46666666667,Moving
20250107_barracuda_4_58,81064.31666666667,Moving
20250107_barracuda_4_59,85602.18333333335,Feeding
20250107_barracuda_4_59,85602.18333333335,Bite
20250107_barracuda_4_59,85602.18333333335,Bite
20250107_barracuda_4_59,92008.58333333333,Bite
20250107_barracuda_4_59,92342.25,Bite
20250107_barracuda_4_59,103686.91666666667,Vigilance
20250107_barracuda_4_59,112562.45,Moving
20250107_barracuda_4_60,88655.23333333334,Feeding
20250107_barracuda_4_60,98214.78333333334,Vigilance
20250107_barracuda_4_60,99616.18333333333,Bite
20250107_barracuda_4_60,100216.78333333334,Bite
20250107_barracuda_4_61,94644.55,Vigilance
20250107_barracuda_4_61,101451.35,Moving
20250107_barracuda_4_61,137170.36666666667,Vigilance
20250107_barracuda_4_61,143543.40000000002,Moving
20250107_barracuda_4_61,157740.91666666666,Vigilance
20250107_barracuda_7_62,83266.51666666668,Moving
20250107_barracuda_7_63,85118.36666666667,Moving
20250107_barracuda_7_64,90590.5,Vigilance
20250107_barracuda_7_64,145211.73333333334,Moving
20250107_barracuda_7_65,93843.75,Vigilance
20250107_barracuda_7_65,102051.95000000001,Moving
20250107_barracuda_7_66,112245.46666666667,Feeding
20250107_barracuda_7_66,119052.26666666666,Bite
20250107_barracuda_7_66,119819.70000000001,Moving
20250107_barracuda_7_67,117150.36666666667,Moving
20250107_barracuda_7_67,119352.56666666668,Predator avoidance
20250107_grouper_0_68,219569.35,Vigilance
20250107_grouper_0_68,317183.5333333333,Moving
20250107_grouper_0_69,225291.73333333337,Moving
20250107_grouper_0_70,239339.1,Moving
20250107_grouper_1_71,187220.36666666667,Moving
20250107_grouper_1_71,202752.55000000002,Vigilance
20250107_grouper_1_71,216032.48333333334,Moving
20250107_grouper_1_72,204053.85,Feeding
20250107_grouper_1_72,209492.61666666667,Bite
20250107_grouper_1_72,212879.33333333334,Bite
20250107_grouper_1_72,214581.03333333335,Bite
20250107_grouper_1_72,222689.13333333333,Bite
20250107_grouper_1_72,229195.63333333336,Bite
20250107_grouper_1_72,230997.43333333332,Bite
20250107_grouper_1_72,245495.25,Bite
20250107_grouper_1_73,213546.6666666667,Moving
20250107_grouper_1_74,233433.2,Vigilance
20250107_grouper_1_74,238471.56666666668,Moving
20250107_grouper_2_75,432899.13333333336,Feeding
20250107_grouper_2_75,433533.10000000003,Bite
20250107_grouper_2_75,434183.75000000006,Bite
20250107_grouper_2_75,435218.1166666667,Bite
20250107_grouper_2_75,436285.85000000003,Bite
20250107_grouper_2_75,440923.8166666667,Bite
20250107_grouper_2_75,443192.75000000006,Bite
20250107_grouper_2_75,444343.9,Bite
20250107_grouper_2_75,448548.10000000003,Moving
20250107_grouper_2_76,434867.76666666666,Feeding
20250107_grouper_2_76,439105.3333333334,Bite
20250107_grouper_2_76,443509.7333333334,Moving
20250107_grouper_2_77,435218.1166666667,Feeding
20250107_grouper_2_77,437470.3666666667,Bite
20250107_grouper_2_77,442842.4,Bite
20250107_grouper_2_77,443776.6666666667,Bite
20250107_grouper_2_77,444393.95,Bite
20250107_grouper_2_77,449799.35,Bite
20250107_grouper_2_77,451784.6666666667,Bite
20250107_grouper_2_77,454353.9,Bite
20250107_grouper_2_77,454587.4666666667,Bite
20250107_grouper_2_77,455905.45,Bite
20250107_grouper_2_77,457006.55,Bite
20250107_grouper_2_77,461327.5333333333,Moving
20250107_grouper_2_78,435601.8333333333,Feeding
20250107_grouper_2_78,435868.7666666667,Bite
20250107_grouper_2_78,436052.2833333334,Bite
20250107_grouper_2_78,436285.85000000003,Bite
20250107_grouper_2_78,438554.7833333334,Bite
20250107_grouper_2_78,439722.6166666667,Bite
20250107_grouper_2_78,441290.85000000003,Bite
20250107_grouper_2_78,444961.18333333335,Vigilance
20250107_grouper_2_78,457773.9833333334,Feeding
20250107_grouper_2_78,458157.7,Bite
20250107_grouper_2_78,458808.35000000003,Bite
20250107_grouper_2_78,463396.26666666666,Bite
20250107_grouper_2_78,468584.7833333333,Bite
20250107_grouper_2_78,471070.60000000003,Bite
20250107_grouper_2_79,436452.68333333335,Moving
20250107_grouper_2_80,449232.1166666667,Vigilance
20250107_grouper_2_81,453686.5666666667,Moving
20250107_grouper_3_82,18435.083333333336,Vigilance
20250107_grouper_4_83,310510.2,Vigilance
20250107_grouper_4_84,315398.4166666667,Vigilance
20250107_grouper_4_85,329062.0666666667,Moving
20250107_grouper_4_86,331681.35000000003,Feeding
20250107_grouper_4_86,333549.88333333336,Bite
20250107_grouper_4_86,335852.18333333335,Bite
20250107_grouper_4_86,337787.45,Bite
20250107_grouper_4_86,338521.51666666666,Bite
20250107_grouper_4_86,340490.15,Bite
20250107_grouper_4_86,342875.8666666667,Bite
20250107_grouper_4_86,346012.3333333334,Bite
20250107_grouper_4_86,349665.9833333334,Bite
20250107_grouper_4_86,352051.7,Bite
20250107_grouper_4_86,357840.8166666667,Bite
20250107_grouper_4_86,367316.95,Moving
20250107_negative-control_0_87,246479.56666666668,Vigilance
20250107_negative-control_0_87,247580.6666666667,Moving
20250107_negative-control_0_88,277610.6666666667,Moving
20250107_negative-control_0_88,278127.85000000003,Vigilance
20250107_negative-control_0_89,280129.85000000003,Vigilance
20250107_negative-control_0_89,280129.85000000003,Moving
20250107_negative-control_0_89,324507.51666666666,Vigilance
20250107_negative-control_1_90,42025.316666666666,Vigilance
20250107_negative-control_3_91,39222.51666666667,Feeding
20250107_negative-control_3_91,45228.51666666667,Bite
20250107_negative-control_3_91,46529.816666666666,Bite
20250107_negative-control_3_91,51251.200000000004,Bite
20250107_negative-control_3_91,53219.833333333336,Bite
20250107_negative-control_3_91,59926.53333333334,Bite
20250107_negative-control_3_91,63296.56666666667,Bite
20250107_negative-control_3_91,64664.600000000006,Bite
20250107_negative-control_3_91,70503.76666666666,Bite
20250107_negative-control_3_91,71471.40000000001,Bite
20250107_negative-control_3_91,72939.53333333333,Bite
20250107_negative-control_3_91,74841.43333333335,Bite
20250107_negative-control_3_91,78328.25,Bite
20250107_negative-control_3_91,89339.25,Bite
20250107_negative-control_3_91,90256.83333333333,Bite
20250107_negative-control_3_91,92442.35,Bite
20250107_negative-control_3_91,93209.78333333334,Bite
20250107_negative-control_3_91,95545.45,Bite
20250107_negative-control_3_91,102035.26666666668,Bite
20250107_negative-control_3_91,103303.2,Bite
20250107_negative-control_3_91,107056.95,Bite
20250107_negative-control_3_92,56473.083333333336,Vigilance
20250107_negative-control_3_92,75291.88333333333,Feeding
20250107_negative-control_3_92,78945.53333333334,Bite
20250107_negative-control_3_92,79529.45,Bite
20250107_positive-control_0_93,174858.0166666667,Vigilance
20250107_positive-control_0_94,185852.33333333334,Moving
20250107_positive-control_0_95,187070.21666666667,Moving
20250107_positive-control_0_96,250600.35,Feeding
20250107_positive-control_0_96,250600.35,Bite
20250107_positive-control_0_96,253536.61666666667,Bite
20250107_positive-control_1_97,25875.85,Moving
20250107_positive-control_1_97,44110.73333333334,Vigilance
20250107_positive-control_1_98,55472.083333333336,Moving
20250107_positive-control_5_99,458241.1166666667,Feeding
20250107_positive-control_5_99,466849.7166666667,Bite
20250107_positive-control_5_99,468251.1166666667,Bite
20250107_positive-control_5_99,471821.35,Bite
20250107_positive-control_5_99,472989.18333333335,Bite
20250107_positive-control_5_99,477927.45,Bite
20250107_positive-control_5_99,482882.4,Bite
20250107_positive-control_5_99,512612.10000000003,Bite
20250107_positive-control_5_99,514180.3333333334,Bite
20250107_positive-control_5_100,464981.18333333335,Feeding
20250107_positive-control_5_100,469585.7833333334,Bite
20250107_positive-control_5_100,470686.88333333336,Bite
20250107_positive-control_5_100,473856.7166666667,Bite
20250107_positive-control_5_100,475158.0166666667,Bite
20250107_positive-control_5_100,476859.71666666673,Bite
20250107_positive-control_5_100,476175.7,Bite
20250107_positive-control_5_100,477577.10000000003,Bite
20250107_positive-control_5_100,478978.5,Bite
20250107_positive-control_5_100,480913.76666666666,Bite
20250107_positive-control_5_100,485585.10000000003,Bite
20250107_positive-control_5_100,487920.76666666666,Bite
20250107_positive-control_5_100,489355.5333333334,Bite
20250107_positive-control_5_100,499182.0166666667,Bite
20250107_positive-control_5_100,508374.5333333334,Bite
20250107_positive-control_5_100,510092.9166666667,Bite
20250107_positive-control_5_100,513396.2166666667,Bite
20250107_positive-control_5_100,514247.0666666667,Bite
20250107_positive-control_5_100,523039.1833333333,Bite
20250107_positive-control_5_100,523906.71666666673,Bite
20250109_barracuda_0_101,90690.6,Vigilance
20250109_barracuda_0_102,93576.81666666668,Feeding
20250109_barracuda_0_102,93927.16666666667,Bite
20250109_barracuda_0_102,95995.90000000001,Bite
20250109_barracuda_0_102,96412.98333333334,Bite
20250109_barracuda_0_102,98081.31666666667,Bite
20250109_barracuda_0_102,100533.76666666666,Bite
20250109_barracuda_0_102,101000.9,Bite
20250109_barracuda_0_102,102836.06666666667,Bite
20250109_barracuda_0_102,103953.85,Bite
20250109_barracuda_0_102,105922.48333333334,Bite
20250109_barracuda_0_102,93576.81666666668,Bite
20250109_barracuda_0_102,107390.61666666667,Bite
20250109_barracuda_0_102,109325.88333333333,Bite
20250109_barracuda_0_103,103186.41666666667,Feeding
20250109_barracuda_0_103,104304.20000000001,Bite
20250109_barracuda_0_103,105021.58333333334,Escape from aggression
20250109_barracuda_0_104,104788.01666666668,Conspecific aggression
20250109_barracuda_0_104,108808.7,Moving
20250109_barracuda_0_105,121788.33333333334,Feeding
20250109_barracuda_0_105,121788.33333333334,Bite
20250109_barracuda_0_105,121788.33333333334,Bite
20250109_barracuda_0_105,122505.71666666667,Bite
20250109_barracuda_0_105,122956.16666666667,Bite
20250109_barracuda_0_105,125375.25000000001,Escape from aggression
20250109_barracuda_0_106,122555.76666666668,Feeding
20250109_barracuda_0_106,124023.90000000001,Bite
20250109_barracuda_0_106,127427.3,Bite
20250109_barracuda_0_107,123773.65000000001,Moving
20250109_barracuda_0_108,126376.25000000001,Bite
20250109_barracuda_0_108,126376.25000000001,Moving
20250109_barracuda_0_109,130530.40000000001,Feeding
20250109_barracuda_0_109,130530.40000000001,Bite
20250109_barracuda_0_109,130530.40000000001,Bite
20250109_barracuda_0_109,133750.28333333333,Bite
20250109_barracuda_0_109,134317.51666666666,Bite
20250109_barracuda_0_109,135218.4166666667,Bite
20250109_barracuda_0_109,135985.85,Bite
20250109_barracuda_0_109,137170.36666666667,Bite
20250109_barracuda_0_109,137887.75,Bite
20250109_barracuda_0_109,138471.66666666666,Bite
20250109_barracuda_0_109,140156.68333333335,Bite
20250109_barracuda_0_110,129179.05000000002,Vigilance
20250109_barracuda_0_110,132682.55000000002,Conspecific aggression
20250109_barracuda_0_110,134634.5,Conspecific aggression
20250109_barracuda_0_110,136402.93333333335,Conspecific aggression
20250109_barracuda_0_110,139305.83333333334,Conspecific aggression
20250109_barracuda_0_110,140373.56666666668,Conspecific aggression
20250109_barracuda_0_110,140356.88333333333,Conspecific aggression
20250109_barracuda_0_110,146162.68333333335,Conspecific aggression
20250109_barracuda_0_111,132715.9166666667,Feeding
20250109_barracuda_0_111,136136.0,Bite
20250109_barracuda_0_111,136970.16666666666,Bite
20250109_barracuda_0_111,137804.33333333334,Bite
20250109_barracuda_0_111,138221.41666666666,Bite
20250109_barracuda_0_111,139539.4,Bite
20250109_barracuda_0_111,139973.1666666667,Bite
20250109_barracuda_0_111,140557.08333333334,Bite
20250109_barracuda_0_111,140924.11666666667,Bite
20250109_barracuda_0_111,141708.23333333334,Bite
20250109_barracuda_0_111,142158.68333333332,Bite
20250109_barracuda_0_111,142642.5,Bite
20250109_barracuda_0_111,143293.15,Bite
20250109_barracuda_1_112,61394.66666666667,Feeding
20250109_barracuda_1_112,61394.66666666667,Bite
20250109_barracuda_1_112,61394.66666666667,Bite
20250109_barracuda_1_112,62695.96666666667,Bite
20250109_barracuda_1_112,63797.06666666667,Bite
20250109_barracuda_1_112,65265.200000000004,Bite
20250109_barracuda_1_113,88772.01666666668,Vigilance
20250109_barracuda_1_113,88772.01666666668,Moving
20250109_barracuda_2_114,320403.4166666667,Feeding
20250109_barracuda_2_114,320403.4166666667,Bite
20250109_barracuda_2_114,320403.4166666667,Bite
20250109_barracuda_2_115,326759.76666666666,Feeding
20250109_barracuda_2_115,332865.8666666667,Bite
20250109_barracuda_2_115,334117.1166666667,Bite
20250109_barracuda_2_115,68468.40000000001,Escape from predator
20250109_barracuda_2_115,68468.40000000001,Feeding
20250109_barracuda_2_115,68468.40000000001,Bite
20250109_barracuda_2_115,68468.40000000001,Escape from aggression
20250109_barracuda_2_115,68468.40000000001,Moving
20250109_grouper_0_116,67200.46666666667,Feeding
20250109_grouper_0_116,70703.96666666667,Bite
20250109_grouper_0_116,72205.46666666666,Bite
20250109_grouper_0_116,77644.23333333334,Bite
20250109_grouper_0_116,78511.76666666668,Bite
20250109_grouper_0_116,81281.2,Bite
20250109_grouper_0_116,84017.26666666668,Bite
20250109_grouper_1_117,309942.9666666667,Feeding
20250109_grouper_1_117,312145.1666666667,Bite
20250109_grouper_1_117,313946.9666666667,Bite
20250109_grouper_1_117,315948.96666666673,Bite
20250109_grouper_1_117,317817.5,Bite
20250109_grouper_1_117,321354.3666666667,Bite
20250109_grouper_1_117,322989.3333333334,Bite
20250109_grouper_1_117,309942.9666666667,Bite
20250109_grouper_1_118,311110.80000000005,Feeding
20250109_grouper_1_118,312145.1666666667,Bite
20250109_grouper_1_118,313780.13333333336,Bite
20250109_grouper_1_118,315948.96666666673,Bite
20250109_grouper_1_118,318084.43333333335,Bite
20250109_grouper_1_118,322021.7,Bite
20250109_grouper_1_118,322855.86666666664,Bite
20250109_grouper_1_118,327460.4666666667,Bite
20250109_grouper_1_119,314013.7,Feeding
20250109_grouper_1_119,314547.5666666667,Bite
20250109_grouper_1_119,315114.8,Bite
20250109_grouper_1_119,319152.1666666667,Bite
20250109_grouper_1_119,327777.45,Bite
20250109_grouper_2_120,179195.68333333335,Feeding
20250109_grouper_2_120,185852.33333333334,Bite
20250109_grouper_2_120,186719.8666666667,Bite
20250109_grouper_2_121,180947.43333333335,Feeding
20250109_negative-control_0_122,192075.21666666667,Feeding
20250109_negative-control_0_122,193810.28333333333,Bite
20250109_negative-control_0_122,194744.55000000002,Bite
20250109_negative-control_0_122,198548.35,Vigilance
20250109_negative-control_1_123,387203.48333333334,Moving
20250109_negative-control_2_124,187120.2666666667,Feeding
20250109_negative-control_2_124,189772.9166666667,Bite
20250109_negative-control_5_125,343626.6166666667,Moving
20250109_negative-control_5_126,346295.95,Feeding
20250109_negative-control_5_126,349499.15,Bite
20250109_negative-control_5_126,350900.55,Bite
20250109_negative-control_5_126,347497.15,Bite
20250109_negative-control_5_126,351267.5833333333,Bite
20250109_negative-control_5_126,372505.4666666667,Bite
20250109_negative-control_5_126,373656.6166666667,Bite
20250109_negative-control_6_127,72472.40000000001,Feeding
20250109_negative-control_6_127,72472.40000000001,Bite
20250109_negative-control_6_127,72472.40000000001,Bite
20250109_negative-control_6_127,73156.41666666667,Bite
20250109_negative-control_6_127,74357.61666666667,Bite
20250109_negative-control_6_127,75075.0,Bite
20250109_negative-control_6_127,75658.91666666667,Bite
20250109_negative-control_6_127,76810.06666666667,Bite
20250109_negative-control_6_127,81381.30000000002,Bite
20250109_negative-control_6_127,81698.28333333334,Bite
20250109_negative-control_6_127,82382.3,Bite
20250109_negative-control_6_127,83299.88333333335,Bite
20250109_negative-control_6_127,85618.86666666668,Bite
20250109_negative-control_6_127,86136.05,Bite
20250109_negative-control_6_127,88721.96666666667,Bite
20250109_negative-control_6_127,89622.86666666667,Bite
20250109_negative-control_6_127,90690.6,Bite
20250109_negative-control_6_127,91124.36666666667,Bite
20250109_negative-control_6_127,91875.11666666667,Bite
20250109_negative-control_6_127,92358.93333333333,Bite
20250109_negative-control_6_127,93359.93333333335,Bite
20250109_negative-control_6_127,94277.51666666668,Bite
20250109_negative-control_6_127,95762.33333333334,Bite
20250109_negative-control_6_128,82165.41666666667,Moving
20250109_negative-control_6_128,86569.81666666667,Feeding
20250109_negative-control_6_128,87670.91666666667,Bite
20250109_negative-control_6_128,87954.53333333334,Bite
20250109_negative-control_6_128,89372.61666666667,Bite
20250109_negative-control_6_128,89906.48333333334,Bite
20250109_negative-control_6_128,90590.5,Bite
20250109_negative-control_6_128,91307.88333333333,Bite
20250109_negative-control_6_129,118535.08333333333,Feeding
20250109_negative-control_6_129,122071.95,Bite
20250109_negative-control_6_129,118568.45000000001,Bite
20250109_negative-control_6_129,128111.31666666668,Bite
20250109_positive-control_0_130,26509.81666666667,Feeding
20250109_positive-control_0_130,28511.81666666667,Bite
20250109_positive-control_0_130,30113.416666666668,Bite
20250109_positive-control_0_130,33316.61666666667,Bite
20250109_positive-control_0_130,34651.28333333333,Bite
20250109_positive-control_0_130,38354.98333333334,Bite
20250109_positive-control_0_130,40156.78333333334,Bite
20250109_positive-control_0_130,45195.15000000001,Bite
20250109_positive-control_0_130,47714.333333333336,Bite
20250109_positive-control_0_130,49699.65000000001,Bite
20250109_positive-control_0_130,50266.88333333333,Bite
20250109_positive-control_0_130,52802.75,Bite
20250109_positive-control_0_130,55722.333333333336,Bite
20250109_positive-control_0_130,57140.416666666664,Bite
20250109_positive-control_0_130,64247.51666666667,Bite
20250109_positive-control_0_130,66182.78333333334,Bite
20250109_positive-control_0_130,68601.86666666667,Bite
20250109_positive-control_0_130,74791.38333333335,Bite
20250109_positive-control_0_131,55772.38333333334,Feeding
20250109_positive-control_0_131,58141.41666666667,Bite
20250109_positive-control_0_131,55872.48333333334,Bite
20250109_positive-control_0_131,62812.75,Bite
20250109_positive-control_0_131,65348.61666666667,Bite
20250109_positive-control_0_131,68218.15000000001,Bite
20250109_positive-control_0_131,72756.01666666666,Bite
20250109_positive-control_0_131,73456.71666666666,Bite
20250109_positive-control_1_132,263096.1666666667,Moving
20250109_positive-control_3_133,159459.30000000002,Feeding
20250109_positive-control_3_133,160393.56666666668,Bite
20250109_positive-control_3_133,162512.35,Vigilance
20250109_positive-control_3_134,175308.46666666667,Feeding
20250109_positive-control_3_134,179546.03333333335,Bite
20250109_positive-control_3_134,181431.25,Bite
20250109_positive-control_3_134,185001.48333333334,Bite
20250109_positive-control_3_134,188872.01666666666,Bite
20250109_positive-control_3_135,180063.21666666667,Feeding
20250109_positive-control_3_135,181898.38333333333,Bite
20250109_positive-control_3_135,208658.45,Bite
20250109_positive-control_3_135,211978.43333333335,Bite
20241213_barracuda_1_136,270453.5166666667,Feeding
20241213_barracuda_1_136,271988.3833333333,Bite
20241213_barracuda_1_137,272071.8,Feeding
20241213_barracuda_1_137,272956.0166666667,Bite
20241213_barracuda_1_137,277076.8,Bite
20241213_barracuda_1_137,278478.2,Bite
20241213_barracuda_2_138,57207.15000000001,Feeding
20241213_barracuda_2_138,57207.15000000001,Bite
20241213_barracuda_2_138,57207.15000000001,Bite
20241213_barracuda_2_138,57891.16666666667,Bite
20241213_barracuda_2_138,60693.96666666667,Bite
20241213_barracuda_2_138,66449.71666666667,Bite
20241213_barracuda_2_138,72589.18333333333,Bite
20241213_barracuda_2_138,72906.16666666666,Bite
20241213_barracuda_2_139,101367.93333333333,Predator avoidance
20241213_barracuda_3_140,169469.30000000002,Vigilance
20241213_barracuda_3_141,176843.33333333334,Predator avoidance
20241213_barracuda_3_141,181931.75000000003,Vigilance
20241213_barracuda_3_142,212362.15000000002,Feeding
20241213_barracuda_3_142,214731.18333333335,Bite
20241213_barracuda_3_142,218418.2,Bite
20241213_barracuda_3_142,216933.38333333336,Vigilance
20241213_grouper_0_143,272739.13333333336,Moving
20241213_grouper_3_144,139038.90000000002,Vigilance
20241213_grouper_3_144,182532.35,Feeding
20241213_grouper_3_144,184200.68333333332,Bite
20241213_grouper_3_144,185168.31666666668,Bite
20241213_grouper_3_144,186069.21666666667,Bite
20241213_grouper_3_144,193042.85,Vigilance
20241213_negative-control_0_145,245612.03333333335,Feeding
20241213_negative-control_0_145,247213.63333333336,Bite
20241213_negative-control_0_145,246279.36666666667,Bite
20241213_negative-control_0_145,249349.10000000003,Bite
20241213_negative-control_0_145,250550.30000000002,Bite
20241213_negative-control_0_145,252285.36666666667,Bite
20241213_negative-control_0_145,253686.76666666666,Bite
20241213_negative-control_0_146,265898.9666666667,Moving
20241213_negative-control_0_147,267567.3,Moving
20241213_negative-control_1_148,41374.66666666667,Feeding
20241213_negative-control_1_148,45245.200000000004,Bite
20241213_negative-control_1_148,46346.3,Bite
20241213_negative-control_1_148,49849.8,Bite
20241213_negative-control_1_148,51885.16666666667,Bite
20241213_negative-control_1_148,54354.3,Bite
20241213_negative-control_1_148,55055.0,Bite
20241213_negative-control_1_148,56906.850000000006,Bite
20241213_negative-control_1_148,60460.4,Bite
20241213_negative-control_1_148,61344.61666666667,Bite
20241213_negative-control_1_148,63880.48333333334,Bite
20241213_negative-control_1_148,64931.53333333333,Bite
20241213_negative-control_1_148,65715.65,Bite
20241213_negative-control_1_148,67534.13333333333,Bite
20241213_negative-control_2_149,287170.21666666673,Vigilance
20241213_negative-control_3_150,352552.2,Feeding
20241213_negative-control_3_150,358291.26666666666,Bite
20241213_negative-control_3_150,358958.6,Bite
20241213_negative-control_3_150,363346.31666666665,Bite
20241213_negative-control_3_150,371654.6166666667,Bite
20241213_negative-control_3_150,375725.35,Bite
20241213_negative-control_3_150,377560.51666666666,Bite
20241213_negative-control_3_150,384500.7833333333,Bite
20241213_negative-control_3_150,385835.45,Bite
20241213_negative-control_3_150,387003.2833333333,Bite
20241213_negative-control_3_150,390807.0833333334,Bite
20241213_negative-control_3_151,374540.8333333334,Vigilance
20241213_negative-control_3_151,381447.73333333334,Escape from aggression
20241213_negative-control_3_151,379495.7833333333,Escape from aggression
20241213_negative-control_3_151,384467.4166666667,Escape from aggression
20241213_negative-control_3_151,392208.48333333334,Bite
20241213_negative-control_3_151,392241.85,Predator avoidance
20241213_negative-control_3_152,377210.1666666667,Vigilance
20241213_negative-control_3_153,378177.8,Vigilance
20241213_negative-control_3_153,380213.1666666667,Conspecific aggression
20241213_negative-control_3_153,382849.1333333333,Conspecific aggression
20241213_negative-control_3_153,425875.45,Feeding
20241213_negative-control_3_153,427643.88333333336,Bite
20241213_negative-control_3_153,428010.9166666667,Bite
20241213_negative-control_3_153,430012.9166666667,Vigilance
20241213_negative-control_4_154,142075.26666666666,Feeding
20241213_negative-control_4_154,142075.26666666666,Bite
20241213_negative-control_4_154,144828.0166666667,Bite
20241213_negative-control_4_154,146379.56666666668,Bite
20241213_negative-control_4_154,149232.41666666666,Bite
20241213_negative-control_4_154,142992.85,Bite
20241213_negative-control_4_155,143576.7666666667,Feeding
20241213_negative-control_4_155,143576.7666666667,Bite
20241213_negative-control_4_155,145728.91666666666,Bite
20241213_negative-control_4_155,146579.76666666666,Bite
20241213_negative-control_4_155,147130.31666666668,Bite
20241213_negative-control_4_155,148731.9166666667,Bite
20241213_negative-control_4_155,149382.56666666665,Bite
20241213_negative-control_4_155,163830.3333333333,Bite
20241213_negative-control_4_155,169219.05000000002,Bite
20241213_negative-control_4_155,169769.6,Bite
20241213_negative-control_4_155,170870.7,Bite
20241213_negative-control_4_155,172288.78333333333,Bite
20241213_negative-control_4_155,175491.98333333334,Bite
20241213_negative-control_4_155,176492.98333333334,Bite
20241213_negative-control_4_156,179646.13333333336,Feeding
20241213_negative-control_4_156,185902.38333333336,Bite
20241213_negative-control_4_156,186386.2,Bite
20241213_negative-control_4_156,188638.45,Bite
20241213_negative-control_4_156,193593.4,Bite
20241213_negative-control_4_156,194844.65,Bite
20241213_negative-control_4_156,195745.55000000002,Bite
20241213_negative-control_4_156,197997.80000000002,Bite
20241213_negative-control_4_156,200450.25,Bite
20241213_negative-control_4_156,201551.35,Bite
20241213_negative-control_4_156,206706.5,Bite
20241213_negative-control_4_156,207407.2,Bite
20241213_negative-control_4_156,208608.40000000002,Bite
20241213_negative-control_4_156,209759.55000000002,Bite
20241213_negative-control_4_156,210710.5,Bite
20241213_negative-control_4_156,210760.55000000002,Bite
20241213_negative-control_4_156,211611.4,Bite
20241213_negative-control_4_157,184300.78333333333,Feeding
20241213_negative-control_4_157,185752.23333333334,Bite
20241213_negative-control_4_157,186452.93333333332,Bite
20241213_negative-control_4_157,189255.73333333337,Bite
20241213_negative-control_4_157,189806.28333333333,Bite
20241213_positive-control_0_158,197430.56666666665,Vigilance
20241213_positive-control_0_158,200500.30000000002,Feeding
20241213_positive-control_0_158,201351.15000000002,Bite
20241213_positive-control_0_158,206923.38333333333,Vigilance
20241213_positive-control_0_158,233733.50000000003,Bite
20241213_positive-control_0_159,202552.35,Moving
20241213_positive-control_0_160,206356.15000000002,Moving
20241213_positive-control_3_161,255622.03333333335,Vigilance
20241213_positive-control_3_161,258675.08333333337,Feeding
20241213_positive-control_3_161,258675.08333333337,Bite
20241213_positive-control_3_161,262412.15,Feeding
20241213_positive-control_3_161,262412.15,Bite
20241213_positive-control_3_161,267567.3,Vigilance
20241213_positive-control_3_162,265014.75,Moving
20241213_positive-control_3_163,282198.5833333334,Moving
20241213_positive-control_3_163,299983.01666666666,Feeding
20241213_positive-control_3_163,303152.85,Bite
20241213_positive-control_3_163,304220.5833333334,Bite
20241213_positive-control_3_163,308791.8166666667,Bite
20241213_positive-control_3_163,309625.98333333334,Bite
20241213_positive-control_3_163,310393.4166666667,Bite
20241213_positive-control_3_163,312295.31666666665,Bite
20241213_positive-control_3_163,314280.63333333336,Bite
20241213_positive-control_3_163,314981.3333333333,Bite
20241213_positive-control_3_163,316132.4833333334,Bite
20241213_positive-control_3_163,316916.60000000003,Bite
20241213_positive-control_3_163,317767.45,Bite
20241213_positive-control_4_164,6940.266666666667,Feeding
20241213_positive-control_4_164,8341.666666666666,Bite
20241213_positive-control_4_164,9809.800000000001,Bite
20241213_positive-control_4_164,20787.433333333334,Bite
20241213_positive-control_4_164,23690.333333333336,Bite
20241213_positive-control_4_165,10844.166666666668,Feeding
20241213_positive-control_4_165,12746.066666666668,Bite
20241213_positive-control_4_165,13380.033333333333,Bite
20241213_positive-control_4_165,14447.766666666668,Bite
20241213_positive-control_4_165,15648.966666666669,Bite
20241213_positive-control_4_166,50216.833333333336,Feeding
20241213_positive-control_4_166,50216.833333333336,Bite
20241213_positive-control_4_166,55055.0,Bite
20241213_positive-control_4_166,57557.50000000001,Bite
20241213_positive-control_4_167,51851.8,Moving
20241228_barracuda_0_168,389455.73333333334,Feeding
20241228_barracuda_0_168,393943.55,Bite
20241228_barracuda_0_168,396979.9166666667,Bite
20241228_barracuda_0_168,390573.5166666667,Bite
20241228_barracuda_0_168,401684.6166666667,Bite
20241228_barracuda_0_168,402335.2666666667,Bite
20241228_barracuda_0_168,402935.8666666667,Bite
20241228_barracuda_0_168,403953.55,Bite
20241228_barracuda_0_168,405071.3333333334,Bite
20241228_barracuda_0_168,406022.2833333333,Bite
20241228_barracuda_0_168,406839.76666666666,Bite
20241228_barracuda_0_168,408624.88333333336,Bite
20241228_barracuda_0_168,409575.8333333334,Bite
20241228_barracuda_0_169,394577.51666666666,Feeding
20241228_barracuda_0_169,397296.89999999997,Bite
20241228_barracuda_0_169,401184.1166666667,Bite
20241228_barracuda_0_169,402635.5666666667,Bite
20241228_barracuda_0_169,406789.7166666667,Bite
20241228_barracuda_0_169,410993.9166666667,Bite
20241228_barracuda_0_169,410543.4666666667,Bite
20241228_barracuda_0_169,413212.8,Bite
20241228_barracuda_2_170,14297.616666666669,Vigilance
20241228_barracuda_2_171,17484.13333333333,Vigilance
20241228_barracuda_2_172,76643.23333333334,Vigilance
20241228_barracuda_3_173,153903.75,Moving
20241228_barracuda_3_174,160310.15000000002,Vigilance
20241228_barracuda_3_175,164814.65,Vigilance
20241228_grouper_1_176,13413.400000000001,Feeding
20241228_grouper_1_176,13413.400000000001,Bite
20241228_grouper_1_176,13413.400000000001,Bite
20241228_grouper_1_177,75341.93333333333,Moving
20241228_grouper_2_178,122105.31666666667,Feeding
20241228_grouper_2_178,126643.18333333333,Bite
20241228_grouper_2_178,128711.91666666667,Bite
20241228_grouper_2_178,132182.05000000002,Bite
20241228_grouper_2_178,134717.91666666666,Bite
20241228_grouper_3_179,227860.96666666667,Vigilance
20241228_grouper_3_180,235001.43333333335,Bite
20241228_grouper_3_180,236603.03333333335,Moving
20241228_grouper_3_181,260043.11666666667,Moving
20241228_grouper_3_182,265848.9166666667,Predator avoidance
20241228_grouper_3_182,266799.8666666667,Moving
20241228_grouper_4_183,42258.88333333334,Moving
20241228_grouper_4_184,44210.833333333336,Moving
20241228_grouper_4_185,111444.66666666667,Moving
20241228_grouper_5_186,288554.93333333335,Moving
20241228_grouper_5_187,322805.81666666665,Moving
20241228_grouper_5_187,322805.81666666665,Vigilance
20241228_negative-control_0_188,150183.36666666667,Moving
20241228_negative-control_0_189,199165.63333333336,Moving
20241228_negative-control_0_190,202669.13333333336,Moving
20241228_negative-control_1_191,342959.2833333334,Feeding
20241228_negative-control_1_191,350299.95,Bite
20241228_negative-control_1_192,367233.5333333334,Feeding
20241228_negative-control_1_192,378928.55000000005,Bite
20241228_negative-control_1_192,379762.7166666667,Bite
20241228_negative-control_1_192,381347.63333333336,Bite
20241228_negative-control_1_192,388237.85000000003,Bite
20241228_negative-control_1_192,389172.1166666667,Bite
20241228_negative-control_1_192,394377.31666666665,Bite
20241228_negative-control_2_193,248314.73333333334,Feeding
20241228_negative-control_2_193,254754.5,Bite
20241228_negative-control_2_193,266499.5666666667,Bite
20241228_negative-control_2_194,309942.9666666667,Feeding
20241228_negative-control_2_194,313780.13333333336,Bite
20241228_negative-control_2_194,312328.68333333335,Bite
20241228_negative-control_2_194,316683.0333333334,Bite
20241228_negative-control_2_194,319235.5833333334,Bite
20241228_negative-control_4_195,227577.35000000003,Feeding
20241228_negative-control_4_195,229579.35,Bite
20241228_negative-control_4_195,230280.05000000002,Bite
20241228_negative-control_4_195,230980.75,Bite
20241228_negative-control_4_195,231514.61666666667,Bite
20241228_negative-control_4_195,232148.58333333334,Bite
20241228_negative-control_4_195,233349.78333333333,Bite
20241228_negative-control_4_195,227944.38333333336,Bite
20241228_negative-control_4_195,236819.91666666666,Bite
20241228_negative-control_4_195,237453.88333333336,Bite
20241228_negative-control_4_195,238621.71666666667,Bite
20241228_negative-control_4_195,239756.18333333335,Bite
20241228_negative-control_4_195,241057.48333333334,Bite
20241228_negative-control_4_195,242041.80000000002,Bite
20241228_negative-control_4_195,244193.95,Bite
20241228_negative-control_4_195,245979.06666666668,Bite
20241228_negative-control_4_196,248398.15000000002,Feeding
20241228_negative-control_4_196,250166.58333333334,Bite
20241228_negative-control_4_196,255138.21666666667,Bite
20241228_negative-control_4_196,256205.95000000004,Bite
20241228_negative-control_4_196,258574.98333333337,Bite
20241228_negative-control_4_196,259976.38333333333,Bite
20241228_negative-control_4_196,261744.81666666668,Bite
20241228_negative-control_4_196,263846.9166666667,Bite
20241228_negative-control_4_196,292492.2,Bite
20241228_negative-control_4_196,294510.88333333336,Bite
20241228_negative-control_4_196,296479.51666666666,Bite
20241228_negative-control_4_197,283466.51666666666,Feeding
20241228_negative-control_4_197,285535.25,Bite
20241228_negative-control_4_197,286569.61666666664,Bite
20241228_negative-control_4_197,287270.3166666667,Bite
20241228_negative-control_4_197,283967.01666666666,Bite
20241228_negative-control_4_197,288304.68333333335,Bite
20241228_negative-control_4_197,289305.68333333335,Bite
20241228_negative-control_4_197,290573.6166666667,Bite
20241228_negative-control_4_197,292108.4833333334,Bite
20241228_negative-control_4_197,293943.64999999997,Bite
20241228_negative-control_4_197,298281.31666666665,Bite
20241228_negative-control_4_197,299215.5833333334,Bite
20241228_negative-control_4_197,300850.55,Bite
20241228_negative-control_4_197,303586.61666666664,Bite
20241228_negative-control_4_197,304988.01666666666,Bite
20241228_positive-control_0_198,257507.25,Feeding
20241228_positive-control_0_198,257924.3333333333,Bite
20241228_positive-control_0_198,258458.20000000004,Bite
20241228_positive-control_0_198,259642.71666666667,Bite
20241228_positive-control_0_198,261477.88333333336,Bite
20241228_positive-control_0_198,262629.0333333333,Bite
20241228_positive-control_0_198,265064.8,Bite
20241228_positive-control_0_198,266466.2,Bite
20241228_positive-control_0_198,268284.68333333335,Moving
20241228_positive-control_0_199,260009.75,Moving
20241228_positive-control_0_200,275725.45,Moving
20241228_positive-control_1_201,4471.133333333333,Vigilance
20241228_positive-control_1_201,30213.516666666666,Feeding
20241228_positive-control_1_201,31514.81666666667,Bite
20241228_positive-control_1_201,32015.31666666667,Bite
20241228_positive-control_1_201,35969.26666666667,Vigilance
20241228_positive-control_1_201,80947.53333333334,Feeding
20241228_positive-control_1_201,82248.83333333334,Bite
20241228_positive-control_1_201,82932.85,Bite
20241228_positive-control_1_201,83433.35,Bite
20241228_positive-control_1_201,88988.9,Vigilance
20241228_positive-control_1_202,56072.683333333334,Moving
20241228_positive-control_2_203,329262.26666666666,Feeding
20241228_positive-control_2_203,331831.5,Bite
20241228_positive-control_2_203,333533.2,Bite
20241228_positive-control_2_203,331230.9,Bite
20241228_positive-control_2_203,335868.8666666667,Bite
20241228_positive-control_2_203,341808.1333333333,Bite
20241228_positive-control_3_204,429745.98333333334,Feeding
20241228_positive-control_3_204,434417.3166666667,Bite
20241228_positive-control_3_204,430746.98333333334,Bite
20241228_positive-control_3_204,439522.4166666667,Bite
20241228_positive-control_3_204,443726.6166666667,Bite
20241228_positive-control_3_204,444594.15,Bite
20241228_positive-control_3_204,445895.45,Bite
20241228_positive-control_3_204,448131.0166666667,Bite
20241228_positive-control_3_205,483683.2,Vigilance
20241228_positive-control_4_206,3420.0833333333335,Vigilance
20241230_barracuda_1_207,74991.58333333334,Predator avoidance
20241230_barracuda_1_208,145478.66666666666,Vigilance
20241230_barracuda_2_209,181130.95,Vigilance
20241230_barracuda_2_210,199916.38333333336,Vigilance
20241230_barracuda_3_211,19135.783333333333,Vigilance
20241230_barracuda_3_212,57207.15000000001,Moving
20241230_barracuda_3_213,95278.51666666668,Moving
20241230_barracuda_3_214,98715.28333333333,Moving
20241230_barracuda_3_215,101017.58333333333,Moving
20241230_barracuda_3_216,113396.61666666667,Feeding
20241230_barracuda_3_216,113396.61666666667,Bite
20241230_barracuda_3_216,113396.61666666667,Bite
20241230_barracuda_4_217,124891.43333333333,Vigilance
20241230_barracuda_4_218,180597.08333333334,Moving
20241230_barracuda_4_219,182916.06666666665,Moving
20241230_barracuda_4_220,184601.08333333334,Moving
20241230_grouper_0_221,27894.533333333336,Vigilance
20241230_grouper_0_222,52552.5,Feeding
20241230_grouper_0_222,52552.5,Bite
20241230_grouper_0_222,52552.5,Bite
20241230_grouper_0_222,55755.700000000004,Bite
20241230_grouper_2_223,300183.2166666667,Vigilance
20241230_grouper_2_224,313112.8,Vigilance
20241230_grouper_2_224,318017.7,Feeding
20241230_grouper_2_224,319852.8666666667,Bite
20241230_grouper_2_224,320653.6666666667,Bite
20241230_grouper_2_224,321454.4666666667,Bite
20241230_grouper_2_224,314297.3166666667,Bite
20241230_grouper_2_224,319135.48333333334,Bite
20241230_grouper_2_224,324207.2166666667,Vigilance
20241230_grouper_2_224,327960.96666666673,Feeding
20241230_grouper_2_224,328578.25,Bite
20241230_grouper_2_224,330079.75,Bite
20241230_grouper_2_224,331998.3333333333,Bite
20241230_grouper_2_224,364814.45,Vigilance
20241230_grouper_2_224,386018.9666666667,Feeding
20241230_grouper_2_224,387203.48333333334,Bite
20241230_grouper_2_224,387703.98333333334,Bite
20241230_grouper_2_224,389405.68333333335,Bite
20241230_grouper_2_224,392775.71666666673,Vigilance
20241230_grouper_2_225,325541.88333333336,Feeding
20241230_grouper_2_225,329012.01666666666,Bite
20241230_grouper_2_225,346379.3666666667,Vigilance
20241230_grouper_2_226,334951.2833333333,Predator avoidance
20241230_grouper_3_227,122105.31666666667,Moving
20241230_grouper_3_227,125542.08333333334,Vigilance
20241230_grouper_3_227,133266.46666666667,Bite
20241230_grouper_3_227,136102.63333333333,Moving
20241230_grouper_3_228,139989.85,Moving
20241230_grouper_3_229,193610.08333333334,Moving
20241230_grouper_3_230,208758.55000000002,Moving
20241230_grouper_7_231,317800.81666666665,Feeding
20241230_grouper_7_231,320937.2833333334,Bite
20241230_grouper_7_231,322638.98333333334,Bite
20241230_grouper_7_232,388154.43333333335,Feeding
20241230_grouper_7_232,390957.23333333334,Bite
20241230_grouper_7_232,391657.93333333335,Bite
20241230_grouper_7_232,392125.06666666665,Bite
20241230_grouper_7_232,399432.36666666664,Bite
20241230_grouper_7_232,405154.75000000006,Bite
20241230_grouper_7_232,406222.48333333334,Bite
20241230_negative-control_0_233,141624.81666666668,Moving
20241230_negative-control_1_234,240089.85,Moving
20241230_negative-control_1_235,246596.35,Moving
20241230_negative-control_1_236,288771.81666666665,Moving
20241230_negative-control_1_237,295128.1666666667,Feeding
20241230_negative-control_1_237,298898.6,Bite
20241230_negative-control_1_237,299732.76666666666,Bite
20241230_negative-control_1_237,300667.0333333333,Bite
20241230_negative-control_1_237,299932.9666666667,Bite
20241230_negative-control_1_237,300700.4,Bite
20241230_negative-control_2_238,424607.5166666667,Vigilance
20241230_negative-control_2_239,438654.88333333336,Vigilance
20241230_negative-control_2_240,469118.65,Escape from aggression
20241230_negative-control_5_241,106656.55,Moving
20241230_negative-control_5_241,116866.75000000001,Vigilance
20241230_negative-control_5_241,130013.21666666666,Moving
20241230_negative-control_5_241,146563.08333333334,Vigilance
20241230_negative-control_6_242,66499.76666666668,Feeding
20241230_negative-control_6_242,71004.26666666666,Bite
20241230_negative-control_6_242,71738.33333333333,Bite
20241230_negative-control_6_242,76609.86666666667,Bite
20241230_negative-control_6_243,70470.4,Vigilance
20241230_negative-control_6_244,86419.66666666667,Moving
20241230_positive-control_0_245,488437.95,Feeding
20241230_positive-control_0_245,489672.5166666667,Bite
20241230_positive-control_0_245,490740.25,Bite
20241230_positive-control_0_245,493442.95,Bite
20241230_positive-control_0_245,496078.9166666667,Bite
20241230_positive-control_0_246,489522.3666666667,Feeding
20241230_positive-control_0_246,490923.76666666666,Bite
20241230_positive-control_0_246,491557.7333333334,Bite
20241230_positive-control_0_246,494894.4,Bite
20241230_positive-control_2_247,290256.63333333336,Vigilance
20241230_positive-control_2_247,294360.7333333334,Moving
20241230_positive-control_2_247,311127.4833333334,Vigilance
20241230_positive-control_2_248,294277.3166666667,Moving
20241230_positive-control_3_249,404287.2166666667,Vigilance
20241230_positive-control_3_250,409375.6333333333,Vigilance
20241230_positive-control_4_251,40840.8,Moving
20241230_positive-control_4_252,44994.950000000004,Moving
20250103_barracuda_0_253,432849.0833333333,Vigilance
20250103_barracuda_0_254,442425.31666666665,Feeding
20250103_barracuda_0_254,442425.31666666665,Bite
20250103_barracuda_0_255,453236.1166666667,Moving
20250103_barracuda_0_256,452401.95,Moving
20250103_barracuda_2_257,83.41666666666667,Feeding
20250103_barracuda_2_257,5121.783333333334,Bite
20250103_barracuda_2_257,6890.216666666667,Bite
20250103_barracuda_2_257,9392.716666666667,Bite
20250103_barracuda_2_257,11294.616666666669,Bite
20250103_barracuda_2_257,11828.483333333335,Bite
20250103_barracuda_2_257,13747.066666666668,Bite
20250103_barracuda_2_258,4087.416666666667,Feeding
20250103_barracuda_2_258,14664.65,Bite
20250103_barracuda_2_258,15965.95,Bite
20250103_barracuda_2_258,16533.183333333334,Bite
20250103_barracuda_2_258,17600.916666666668,Bite
20250103_barracuda_2_258,20186.833333333336,Bite
20250103_barracuda_2_258,23406.716666666667,Bite
20250103_barracuda_2_259,16983.633333333335,Moving
20250103_barracuda_2_259,27043.683333333334,Vigilance
20250103_barracuda_2_259,34851.48333333334,Moving
20250103_barracuda_3_260,309409.10000000003,Vigilance
20250103_barracuda_3_260,328578.25,Feeding
20250103_barracuda_3_260,330146.48333333334,Bite
20250103_barracuda_3_260,330646.9833333334,Bite
20250103_barracuda_3_260,331447.7833333333,Bite
20250103_barracuda_3_260,333783.45,Bite
20250103_barracuda_3_260,336152.48333333334,Bite
20250103_barracuda_3_260,338604.93333333335,Bite
20250103_barracuda_3_260,344794.45,Bite
20250103_barracuda_3_260,352802.45,Vigilance
20250103_barracuda_3_260,370486.7833333333,Feeding
20250103_barracuda_3_260,371154.1166666667,Bite
20250103_barracuda_3_260,371754.7166666667,Bite
20250103_barracuda_4_261,97180.41666666667,Feeding
20250103_barracuda_4_261,99716.28333333334,Bite
20250103_barracuda_4_261,100383.61666666667,Bite
20250103_barracuda_4_262,102018.58333333334,Moving
20250103_grouper_3_263,119886.43333333335,Vigilance
20250103_grouper_3_264,135518.71666666667,Vigilance
20250103_grouper_4_265,175458.61666666667,Moving
20250103_grouper_4_266,190840.65000000002,Moving
20250103_grouper_4_266,203086.21666666667,Feeding
20250103_grouper_4_266,206589.71666666667,Bite
20250103_grouper_4_266,207323.78333333335,Bite
20250103_grouper_4_266,207840.96666666667,Bite
20250103_grouper_4_266,208258.05,Bite
20250103_grouper_4_266,237904.33333333334,Feeding
20250103_grouper_4_266,240006.43333333335,Bite
20250103_grouper_4_266,240857.28333333335,Bite
20250103_grouper_4_266,241658.08333333334,Bite
20250103_grouper_4_266,242558.98333333334,Bite
20250103_grouper_4_266,245094.85,Bite
20250103_grouper_4_266,246913.33333333334,Bite
20250103_grouper_4_266,250133.21666666667,Bite
20250103_grouper_4_266,251200.95,Bite
20250103_grouper_4_266,253002.75000000003,Bite
20250103_grouper_5_267,448698.25000000006,Predator avoidance
20250103_grouper_5_267,450583.46666666673,Moving
20250103_grouper_5_268,462929.13333333336,Feeding
20250103_grouper_5_268,462929.13333333336,Bite
20250103_grouper_5_268,462929.13333333336,Bite
20250103_grouper_5_268,464797.6666666667,Bite
20250103_grouper_5_268,466332.5333333333,Bite
20250103_grouper_5_268,468034.23333333334,Bite
20250103_grouper_5_268,469535.7333333334,Bite
20250103_grouper_5_268,462945.8166666667,Bite
20250103_grouper_5_268,463913.45,Bite
20250103_grouper_5_268,465681.88333333336,Bite
20250103_grouper_5_268,474757.6166666667,Bite
20250103_grouper_5_268,476592.7833333333,Bite
20250103_grouper_5_269,470620.15,Feeding
20250103_grouper_5_269,470620.15,Bite
20250103_grouper_5_269,471787.98333333334,Bite
20250103_grouper_5_269,474257.11666666664,Bite
20250103_grouper_5_269,474891.0833333334,Bite
20250103_grouper_5_269,476459.31666666665,Bite
20250103_negative-control_0_270,337804.13333333336,Bite
20250103_negative-control_0_270,337804.13333333336,Moving
20250103_negative-control_1_271,173489.98333333334,Moving
20250103_negative-control_1_272,181364.51666666666,Moving
20250103_negative-control_2_273,440173.06666666665,Feeding
20250103_negative-control_2_273,440173.06666666665,Bite
20250103_negative-control_2_273,441841.4,Bite
20250103_negative-control_2_273,443376.2666666667,Bite
20250103_negative-control_2_273,444944.5,Bite
20250103_negative-control_2_273,450183.06666666665,Bite
20250103_negative-control_2_273,441157.38333333336,Bite
20250103_negative-control_2_273,454203.75,Bite
20250103_negative-control_3_274,219302.4166666667,Vigilance
20250103_negative-control_3_275,233516.61666666667,Vigilance
20250103_negative-control_3_276,241274.36666666667,Feeding
20250103_negative-control_3_276,241274.36666666667,Bite
20250103_negative-control_3_276,244010.43333333335,Bite
20250103_negative-control_3_276,247180.2666666667,Bite
20250103_negative-control_3_276,251017.43333333335,Bite
20250103_negative-control_4_277,409225.48333333334,Moving
20250103_positive-control_0_278,328094.43333333335,Vigilance
20250103_positive-control_0_278,373189.48333333334,Feeding
20250103_positive-control_0_278,374657.6166666667,Bite
20250103_positive-control_0_278,375324.95,Bite
20250103_positive-control_0_278,390073.01666666666,Bite
20250103_positive-control_0_278,395845.45,Bite
20250103_positive-control_0_278,408558.15,Bite
20250103_positive-control_0_279,325975.65,Vigilance
20250103_positive-control_0_280,350333.3166666667,Moving
20250103_positive-control_4_281,435034.60000000003,Moving
20250114_barracuda_0_282,6039.366666666667,Vigilance
20250114_barracuda_0_283,71805.06666666668,Predator avoidance
20250114_barracuda_0_283,71805.06666666668,Moving
20250114_barracuda_0_283,73590.18333333335,Predator avoidance
20250114_barracuda_3_284,180163.31666666668,Feeding
20250114_barracuda_3_284,180163.31666666668,Bite
20250114_barracuda_3_284,180163.31666666668,Bite
20250114_barracuda_3_284,181598.08333333334,Bite
20250114_barracuda_3_284,182765.91666666666,Bite
20250114_barracuda_3_284,185568.71666666667,Bite
20250114_barracuda_3_284,186369.51666666666,Bite
20250114_grouper_0_285,250416.83333333337,Vigilance
20250114_grouper_0_286,249532.6166666667,Feeding
20250114_grouper_0_286,253303.05000000002,Bite
20250114_grouper_0_287,252535.61666666667,Feeding
20250114_grouper_0_287,254404.15000000002,Bite
20250114_grouper_0_287,255038.11666666667,Bite
20250114_grouper_0_287,256673.08333333334,Bite
20250114_grouper_0_287,259943.01666666666,Bite
20250114_grouper_0_287,261711.45,Bite
20250114_grouper_0_287,254954.7,Bite
20250114_grouper_0_287,257056.80000000002,Bite
20250114_grouper_0_287,260493.56666666665,Bite
20250114_grouper_0_287,261661.40000000002,Bite
20250114_grouper_0_287,263363.10000000003,Bite
20250114_grouper_0_287,265231.6333333333,Bite
20250114_grouper_0_287,268901.9666666667,Bite
20250114_grouper_0_287,269669.4,Bite
20250114_grouper_0_287,270336.7333333334,Bite
20250114_grouper_0_287,274774.5,Bite
20250114_grouper_0_288,321621.30000000005,Moving
20250114_grouper_0_288,340656.98333333334,Feeding
20250114_grouper_0_288,342125.11666666664,Bite
20250114_grouper_0_288,344560.8833333333,Bite
20250114_grouper_1_289,422488.73333333334,Vigilance
20250114_grouper_1_290,431681.25000000006,Moving
20250114_grouper_1_290,444093.65,Vigilance
20250114_grouper_1_290,474857.71666666673,Conspecific aggression
20250114_grouper_1_290,480463.3166666667,Conspecific aggression
20250114_grouper_1_291,443376.2666666667,Moving
20250114_grouper_2_292,98948.85,Vigilance
20250114_grouper_2_293,107524.08333333334,Vigilance
20250114_grouper_2_293,198047.85,Conspecific aggression
20250114_grouper_2_294,122105.31666666667,Moving
20250114_grouper_2_295,156573.08333333334,Moving
20250114_grouper_2_296,163847.01666666666,Moving
20250114_grouper_2_296,168985.48333333334,Escape from aggression
20250114_grouper_2_296,182232.05000000002,Escape from aggression
20250114_grouper_2_297,179162.31666666668,Feeding
20250114_grouper_2_297,192141.95,Bite
20250114_grouper_2_297,193009.48333333334,Bite
20250114_grouper_3_298,338921.9166666667,Moving
20250114_grouper_3_299,341457.7833333333,Vigilance
20250114_grouper_3_299,353603.25,Moving
20250114_grouper_3_300,363146.1166666667,Moving
20250114_grouper_3_301,364580.88333333336,Moving
20250114_grouper_3_302,385368.31666666665,Moving
20250114_grouper_3_303,396279.2166666667,Moving
20250114_grouper_3_304,398448.05000000005,Vigilance
20250114_grouper_3_304,408291.2166666667,Moving
20250114_grouper_5_305,34567.86666666667,Vigilance
20250114_grouper_5_306,35719.01666666667,Moving
20250114_grouper_5_307,43326.61666666667,Moving
20250114_grouper_5_307,46279.566666666666,Escape from aggression
20250114_grouper_5_308,54771.38333333333,Moving
20250114_grouper_5_309,58625.23333333334,Moving
20250114_grouper_5_310,94811.38333333335,Moving
20250114_grouper_5_310,97330.56666666667,Vigilance
20250114_negative-control_4_311,134818.01666666666,Moving
20250114_negative-control_4_311,145628.81666666665,Feeding
20250114_negative-control_4_311,146446.30000000002,Bite
20250114_negative-control_4_311,146713.23333333334,Bite
20250114_negative-control_4_311,147747.6,Bite
20250114_negative-control_4_311,149432.61666666667,Bite
20250114_negative-control_4_311,150800.65000000002,Bite
20250114_negative-control_4_311,153403.25,Bite
20250114_negative-control_4_311,155255.1,Bite
20250114_negative-control_4_311,156523.03333333333,Bite
20250114_negative-control_4_311,157540.71666666667,Bite
20250114_negative-control_4_312,203670.13333333336,Vigilance
20250114_negative-control_4_312,203670.13333333336,Moving
20250114_negative-control_4_312,226643.08333333334,Feeding
20250114_negative-control_6_313,86736.65,Feeding
20250114_negative-control_6_313,93827.06666666667,Bite
20250114_negative-control_6_314,122472.35,Feeding
20250114_negative-control_6_314,122472.35,Bite
20250114_negative-control_6_314,124107.31666666668,Bite
20250114_negative-control_7_315,334083.75,Feeding
20250114_negative-control_7_315,338538.2,Bite
20250114_negative-control_7_315,340940.60000000003,Bite
20250114_negative-control_7_315,342975.9666666667,Bite
20250114_negative-control_7_315,347697.35000000003,Bite
20250114_negative-control_7_315,348731.7166666667,Bite
20250114_negative-control_7_315,349665.9833333334,Bite
20250114_negative-control_7_315,350666.98333333334,Bite
20250114_negative-control_7_315,361677.9833333334,Bite
20250114_negative-control_7_315,362211.85000000003,Bite
20250114_negative-control_7_315,363713.35,Bite
20250114_negative-control_7_315,365114.75,Bite
20250114_negative-control_7_315,376492.7833333334,Bite
20250114_negative-control_7_315,387370.31666666665,Bite
20250114_negative-control_7_315,388704.98333333334,Bite
20250114_negative-control_7_315,390973.9166666667,Bite
20250114_negative-control_7_315,392275.2166666667,Bite
20250114_negative-control_7_315,393843.45,Bite
20250114_negative-control_7_315,395278.21666666673,Bite
20250114_negative-control_7_315,397280.2166666667,Bite
20250114_negative-control_7_315,400716.98333333334,Bite
20250114_negative-control_7_315,401784.7166666667,Bite
20250114_negative-control_7_315,403302.9,Bite
20250114_negative-control_7_315,414097.01666666666,Bite
20250114_negative-control_7_316,389405.68333333335,Moving
20250114_negative-control_8_317,224691.13333333333,Vigilance
20250114_negative-control_9_318,402652.25000000006,Vigilance
20250114_negative-control_9_319,403703.3,Vigilance
20250114_negative-control_9_320,438187.75,Moving
20250114_positive-control_5_321,290139.85000000003,Vigilance
20250114_positive-control_5_322,297513.88333333336,Moving
20250119_barracuda_0_323,183583.40000000002,Feeding
20250119_barracuda_0_323,184984.80000000002,Bite
20250119_barracuda_0_324,242959.38333333333,Feeding
20250119_barracuda_2_325,270770.5,Moving
20250119_barracuda_2_326,272055.11666666664,Moving
20250119_barracuda_2_327,275825.55000000005,Moving
20250119_barracuda_2_328,275074.80000000005,Moving
20250119_barracuda_2_329,277193.5833333333,Moving
20250119_barracuda_2_330,279562.61666666664,Moving
20250119_barracuda_3_331,390823.7666666667,Moving
20250119_barracuda_3_332,395228.1666666667,Moving
20250119_barracuda_3_333,405638.5666666667,Moving
20250119_barracuda_3_334,406689.61666666664,Moving
20250119_barracuda_3_335,447463.68333333335,Feeding
20250119_barracuda_3_335,450500.05000000005,Bite
20250119_barracuda_3_335,450983.8666666667,Bite
20250119_barracuda_3_335,451651.2,Bite
20250119_barracuda_3_335,448247.80000000005,Bite
20250119_barracuda_3_335,454320.5333333333,Bite
20250119_barracuda_3_335,454587.4666666667,Bite
20250119_barracuda_3_335,454837.7166666667,Bite
20250119_barracuda_3_335,455988.8666666667,Bite
20250119_barracuda_3_335,456906.45,Bite
20250119_barracuda_3_335,457707.25000000006,Bite
20250119_barracuda_3_335,458674.88333333336,Bite
20250119_barracuda_4_336,100517.08333333333,Vigilance
20250119_grouper_0_337,431481.05000000005,Vigilance
20250119_grouper_1_338,359642.6166666667,Moving
20250119_grouper_1_339,362812.45,Vigilance
20250119_grouper_1_339,362812.45,Feeding
20250119_grouper_1_339,364747.7166666667,Bite
20250119_grouper_1_339,364347.3166666667,Bite
20250119_grouper_1_339,366015.64999999997,Bite
20250119_grouper_1_340,367050.0166666667,Moving
20250119_grouper_2_341,70520.45,Feeding
20250119_grouper_2_341,73656.91666666667,Bite
20250119_grouper_3_342,70320.25,Feeding
20250119_grouper_3_342,72005.26666666668,Bite
20250119_grouper_3_342,76109.36666666667,Bite
20250119_grouper_3_342,83299.88333333335,Bite
20250119_grouper_3_342,84801.38333333333,Bite
20250119_grouper_3_342,85368.61666666667,Bite
20250119_grouper_3_342,86319.56666666668,Bite
20250119_grouper_3_342,99365.93333333335,Vigilance
20250119_grouper_4_343,140423.61666666667,Moving
20250119_negative-control_3_344,70153.41666666667,Moving
20250119_negative-control_3_345,69819.75,Moving
20250119_negative-control_3_346,70186.78333333334,Moving
20250119_negative-control_3_346,103269.83333333334,Feeding
20250119_negative-control_3_346,104087.31666666667,Bite
20250119_negative-control_3_346,104521.08333333334,Bite
20250119_negative-control_3_347,70603.86666666667,Moving
20250119_negative-control_3_348,72589.18333333333,Moving
20250119_negative-control_3_349,97497.4,Moving
20250119_negative-control_5_350,16449.76666666667,Moving
20250119_negative-control_5_350,26276.25,Escape from aggression
20250119_negative-control_5_351,20920.899999999998,Conspecific aggression
20250119_negative-control_5_351,33917.21666666667,Feeding
20250119_negative-control_5_351,35685.65,Bite
20250119_negative-control_5_351,36553.183333333334,Bite
20250119_negative-control_5_352,23656.96666666667,Vigilance
20250119_negative-control_5_353,27260.56666666667,Moving
20250119_negative-control_9_354,391791.4,Feeding
20250119_negative-control_9_354,397580.5166666667,Bite
20250119_negative-control_9_354,401517.7833333333,Bite
20250119_negative-control_9_355,398114.38333333336,Moving
20250119_negative-control_9_356,401067.3333333334,Vigilance
20250119_positive-control_4_357,54454.4,Feeding
20250119_positive-control_4_357,55422.03333333334,Moving
20250119_positive-control_4_358,117467.35,Feeding
20250119_positive-control_4_358,127377.25,Bite
20250119_positive-control_6_359,97564.13333333335,Moving
20250119_positive-control_0_360,321504.51666666666,Vigilance
20250119_positive-control_0_360,345261.5833333334,Feeding
20250119_positive-control_0_360,346429.4166666667,Bite
20250119_positive-control_0_360,346779.76666666666,Bite
20250119_positive-control_0_360,351534.51666666666,Vigilance
20250123_barracuda_0_361,176960.11666666667,Feeding
20250123_barracuda_0_361,179612.7666666667,Bite
20250123_barracuda_0_361,189505.98333333334,Bite
20250123_barracuda_0_362,180897.38333333336,Moving
20250123_barracuda_0_363,199265.73333333334,Feeding
20250123_barracuda_0_363,201801.6,Bite
20250123_barracuda_0_363,200350.15000000002,Bite
20250123_barracuda_0_363,205088.21666666667,Bite
20250123_barracuda_2_364,352952.60000000003,Moving
20250123_barracuda_2_365,353202.85000000003,Moving
20250123_barracuda_2_366,353953.6,Moving
20250123_barracuda_2_367,354337.3166666667,Bite
20250123_barracuda_2_367,355054.7,Moving
20250123_barracuda_2_368,354721.0333333334,Moving
20250123_barracuda_3_369,32632.600000000002,Vigilance
20250123_barracuda_3_370,39522.81666666667,Vigilance
20250123_barracuda_3_370,63847.11666666667,Feeding
20250123_barracuda_3_370,65882.48333333334,Bite
20250123_barracuda_3_370,66449.71666666667,Bite
20250123_barracuda_3_370,82699.28333333334,Feeding
20250123_barracuda_3_370,87270.51666666666,Vigilance
20250123_barracuda_3_371,88738.65000000001,Feeding
20250123_barracuda_3_371,90340.25,Bite
20250123_barracuda_3_371,89105.68333333333,Bite
20250123_barracuda_3_371,99632.86666666667,Bite
20250123_barracuda_3_371,102051.95000000001,Bite
20250123_barracuda_3_371,104504.40000000001,Bite
20250123_barracuda_3_371,106923.48333333334,Bite
20250123_barracuda_3_371,111361.25,Bite
20250123_barracuda_3_372,122322.20000000001,Moving
20250123_grouper_3_373,87237.15,Vigilance
20250123_grouper_4_374,196479.6166666667,Moving
20250123_negative-control_0_375,125909.11666666668,Moving
20250123_negative-control_1_376,111678.23333333334,Feeding
20250123_negative-control_1_376,113930.48333333334,Bite
20250123_negative-control_1_376,115165.05,Bite
20250123_negative-control_1_376,115982.53333333334,Bite
20250123_negative-control_1_376,118968.85,Bite
20250123_negative-control_1_376,120870.75,Bite
20250123_negative-control_1_376,112796.01666666668,Bite
20250123_negative-control_1_377,113296.51666666668,Vigilance
20250123_negative-control_1_378,124674.55000000002,Moving
20250123_negative-control_1_379,140490.35,Moving
20250123_negative-control_2_380,50517.13333333333,Feeding
20250123_negative-control_2_380,51217.833333333336,Bite
20250123_negative-control_2_380,52485.76666666667,Bite
20250123_negative-control_2_380,53720.333333333336,Bite
20250123_negative-control_2_380,57140.416666666664,Bite
20250123_negative-control_2_380,59209.15,Bite
20250123_negative-control_2_380,61578.183333333334,Bite
20250123_negative-control_2_380,63279.88333333334,Bite
20250123_negative-control_2_380,68785.38333333335,Bite
20250123_negative-control_2_380,72238.83333333333,Bite
20250123_negative-control_3_381,163513.35,Vigilance
20250123_positive-control_1_382,257674.0833333333,Predator avoidance
20250123_positive-control_1_383,259125.53333333335,Predator avoidance
20250123_positive-control_1_384,299649.35000000003,Moving
20250123_positive-control_4_385,162245.41666666666,Vigilance
20250123_positive-control_4_386,167500.6666666667,Feeding
20250123_positive-control_4_386,168701.8666666667,Bite
20250123_positive-control_4_386,172205.36666666667,Bite
20250123_positive-control_4_386,177443.93333333335,Bite
20250123_positive-control_4_386,190023.16666666666,Vigilance
20250123_positive-control_4_386,220370.15000000002,Feeding
20250123_positive-control_4_386,221454.56666666665,Bite
20250123_positive-control_4_386,225658.7666666667,Vigilance
20250123_positive-control_4_386,228278.05000000002,Feeding
20250123_positive-control_4_386,229112.21666666667,Bite
20250123_positive-control_4_386,234234.0,Feeding
20250123_positive-control_4_386,238321.41666666666,Vigilance
20250123_positive-control_5_387,92792.70000000001,Moving
20250123_positive-control_6_388,171654.81666666668,Moving
20250127_barracuda_0_389,78428.35,Moving
20250127_barracuda_0_390,46079.366666666676,Moving
20250127_barracuda_0_390,52635.916666666664,Feeding
20250127_barracuda_0_390,52836.11666666667,Bite
20250127_barracuda_0_390,52986.26666666667,Bite
20250127_barracuda_0_391,46546.5,Moving
20250127_barracuda_0_392,47130.41666666667,Feeding
20250127_barracuda_0_392,47130.41666666667,Bite
20250127_barracuda_0_392,47480.76666666667,Bite
20250127_barracuda_0_392,48081.36666666667,Bite
20250127_barracuda_0_393,48965.583333333336,Moving
20250127_barracuda_0_393,89339.25,Predator avoidance
20250127_barracuda_0_394,73656.91666666667,Moving
20250127_barracuda_0_395,134918.11666666667,Feeding
20250127_barracuda_0_395,134918.11666666667,Bite
20250127_barracuda_0_395,134918.11666666667,Bite
20250127_barracuda_0_395,135819.01666666666,Bite
20250127_barracuda_0_395,136219.41666666666,Bite
20250127_barracuda_1_396,28945.583333333336,Feeding
20250127_barracuda_1_396,28945.583333333336,Bite
20250127_barracuda_1_396,30480.45,Bite
20250127_barracuda_1_397,30313.61666666667,Feeding
20250127_barracuda_1_397,30313.61666666667,Bite
20250127_barracuda_1_397,30313.61666666667,Bite
20250127_barracuda_1_397,31781.750000000004,Bite
20250127_barracuda_1_397,38138.1,Bite
20250127_barracuda_1_397,41624.91666666667,Bite
20250127_barracuda_1_397,44427.71666666667,Bite
20250127_barracuda_1_397,45295.25,Bite
20250127_barracuda_1_397,46730.01666666667,Bite
20250127_barracuda_1_397,47614.23333333334,Bite
20250127_barracuda_1_397,48998.95,Bite
20250127_barracuda_1_397,50433.71666666667,Bite
20250127_barracuda_1_397,51051.0,Bite
20250127_barracuda_1_397,52001.950000000004,Bite
20250127_barracuda_1_397,52986.26666666667,Bite
20250127_barracuda_1_397,53803.75,Bite
20250127_barracuda_1_397,56406.350000000006,Bite
20250127_barracuda_1_397,58241.51666666667,Bite
20250127_barracuda_1_397,59442.71666666667,Bite
20250127_barracuda_1_397,60310.25,Bite
20250127_barracuda_1_397,61644.916666666664,Bite
20250127_barracuda_1_397,63012.950000000004,Bite
20250127_barracuda_1_397,64114.05,Bite
20250127_barracuda_1_397,66382.98333333334,Bite
20250127_barracuda_1_398,48615.23333333334,Moving
20250127_barracuda_1_398,61277.88333333334,Feeding
20250127_barracuda_1_398,62445.71666666667,Bite
20250127_barracuda_1_399,63980.583333333336,Feeding
20250127_barracuda_1_399,63980.583333333336,Bite
20250127_barracuda_1_399,63980.583333333336,Bite
20250127_barracuda_1_399,71187.78333333334,Bite
20250127_barracuda_1_399,71805.06666666668,Bite
20250127_barracuda_1_399,74190.78333333334,Bite
20250127_barracuda_1_399,74758.01666666668,Bite
20250127_barracuda_1_399,76392.98333333334,Bite
20250127_barracuda_1_399,80396.98333333334,Bite
20250127_barracuda_1_399,81197.78333333334,Bite
20250127_barracuda_1_399,82832.75,Bite
20250127_barracuda_1_399,84768.01666666666,Bite
20250127_barracuda_1_399,85935.85,Bite
20250127_barracuda_1_399,89222.46666666667,Bite
20250127_barracuda_1_399,92742.65,Bite
20250127_barracuda_1_400,83933.85,Feeding
20250127_barracuda_1_400,83967.21666666667,Bite
20250127_barracuda_1_400,87170.41666666667,Bite
20250127_barracuda_1_400,90473.71666666667,Bite
20250127_barracuda_1_400,91775.01666666668,Bite
20250127_barracuda_1_400,92041.95,Bite
20250127_barracuda_1_400,95161.73333333335,Bite
20250127_barracuda_1_400,95645.55,Bite
20250127_barracuda_1_400,97597.50000000001,Bite
20250127_barracuda_1_400,98782.01666666668,Bite
20250127_barracuda_1_401,87670.91666666667,Feeding
20250127_barracuda_1_401,87670.91666666667,Bite
20250127_barracuda_1_401,89239.15000000001,Bite
20250127_barracuda_1_401,93543.45000000001,Bite
20250127_barracuda_1_401,94944.85,Bite
20250127_barracuda_1_401,96346.25,Bite
20250127_barracuda_1_401,99048.95000000001,Bite
20250127_barracuda_2_402,667.3333333333334,Vigilance
20250127_barracuda_2_403,5121.783333333334,Vigilance
20250127_barracuda_2_404,8091.416666666667,Vigilance
20250127_barracuda_2_404,13496.816666666668,Moving
20250127_barracuda_2_404,18518.5,Vigilance
20250127_barracuda_2_404,20620.6,Moving
20250127_barracuda_2_405,19035.683333333334,Moving
20250127_barracuda_2_406,22839.483333333334,Vigilance
20250127_barracuda_2_406,24307.61666666667,Moving
20250127_barracuda_3_407,362061.7,Moving
20250127_barracuda_3_408,372021.65,Moving
20250127_barracuda_3_409,427343.5833333334,Moving
20250127_barracuda_3_409,430613.51666666666,Feeding
20250127_barracuda_3_409,430613.51666666666,Bite
20250127_barracuda_3_409,433015.9166666667,Bite
20250127_barracuda_3_409,434817.7166666667,Bite
20250127_barracuda_3_409,437220.1166666667,Bite
20250127_barracuda_3_409,439889.45,Bite
20250127_barracuda_3_409,440706.9333333334,Bite
20250127_barracuda_3_409,441757.98333333334,Bite
20250127_barracuda_3_409,442692.25,Bite
20250127_barracuda_4_410,223706.81666666668,Moving
20250127_grouper_1_411,386302.5833333334,Feeding
20250127_grouper_1_411,386302.5833333334,Bite
20250127_grouper_1_411,389972.9166666667,Bite
20250127_grouper_1_411,389172.1166666667,Bite
20250127_grouper_1_411,396179.1166666667,Bite
20250127_grouper_1_411,398264.5333333334,Bite
20250127_grouper_1_411,399348.95,Bite
20250127_grouper_1_411,400600.2,Bite
20250127_grouper_1_411,402151.75,Bite
20250127_grouper_1_411,404720.9833333334,Bite
20250127_grouper_1_411,408357.95,Bite
20250127_grouper_1_411,409792.71666666673,Bite
20250127_grouper_1_411,410526.7833333334,Bite
20250127_grouper_1_411,412295.21666666673,Bite
20250127_grouper_1_411,412829.0833333334,Bite
20250127_grouper_1_411,413663.25,Bite
20250127_grouper_1_411,415765.35000000003,Bite
20250127_grouper_1_411,417166.75000000006,Bite
20250127_grouper_1_411,418601.51666666666,Bite
20250127_grouper_1_411,422038.2833333334,Bite
20250127_grouper_1_411,423022.60000000003,Bite
20250127_grouper_1_411,426742.9833333334,Bite
20250127_grouper_1_411,430113.01666666666,Bite
20250127_grouper_1_412,391040.65,Feeding
20250127_grouper_1_412,392992.60000000003,Bite
20250127_grouper_1_412,391724.6666666667,Bite
20250127_grouper_1_412,399465.73333333334,Bite
20250127_grouper_1_412,400283.2166666667,Bite
20250127_grouper_1_412,401601.2,Bite
20250127_grouper_1_412,403352.95,Bite
20250127_grouper_1_412,404437.36666666664,Bite
20250127_grouper_1_412,404954.55000000005,Bite
20250127_grouper_1_412,407156.75000000006,Bite
20250127_grouper_1_412,409826.0833333334,Bite
20250127_grouper_1_412,410793.7166666667,Bite
20250127_grouper_1_412,418167.75,Bite
20250127_grouper_1_412,418734.98333333334,Bite
20250127_grouper_1_412,420103.01666666666,Bite
20250127_grouper_1_412,422105.0166666667,Bite
20250127_grouper_1_412,423172.75,Bite
20250127_grouper_1_412,424373.95,Bite
20250127_grouper_1_412,425675.25,Bite
20250127_grouper_1_412,427677.25,Bite
20250127_grouper_1_412,431013.9166666667,Bite
20250127_grouper_1_413,419118.70000000007,Feeding
20250127_grouper_1_413,420787.0333333333,Bite
20250127_grouper_1_413,419952.8666666667,Bite
20250127_grouper_1_413,424991.23333333334,Bite
20250127_grouper_1_413,427493.73333333334,Bite
20250127_grouper_1_413,428478.05,Bite
20250127_grouper_1_413,430813.7166666667,Bite
20250127_grouper_1_413,432815.7166666667,Bite
20250127_grouper_1_413,435067.9666666667,Bite
20250127_grouper_1_413,435985.55000000005,Bite
20250127_grouper_1_413,437253.48333333334,Bite
20250127_grouper_1_413,439489.05000000005,Bite
20250127_grouper_1_413,441557.7833333334,Bite
20250127_grouper_1_413,445244.8,Bite
20250127_grouper_2_414,194360.83333333334,Vigilance
20250127_grouper_2_415,203570.03333333335,Vigilance
20250127_grouper_2_416,209359.15,Vigilance
20250127_grouper_2_417,223856.96666666667,Moving
20250127_grouper_3_418,489338.85000000003,Feeding
20250127_grouper_3_418,491274.1166666667,Bite
20250127_grouper_3_418,492975.81666666665,Bite
20250127_grouper_3_419,502218.38333333336,Feeding
20250127_grouper_3_419,504987.81666666665,Bite
20250127_grouper_4_420,40457.083333333336,Vigilance
20250127_grouper_4_420,46196.15,Moving
20250127_grouper_4_420,47113.73333333334,Vigilance
20250127_grouper_4_421,41424.71666666667,Vigilance
20250127_grouper_4_422,43326.61666666667,Predator avoidance
20250127_grouper_4_422,43326.61666666667,Moving
20250127_grouper_4_423,44294.25000000001,Vigilance
20250127_grouper_4_424,46096.05,Vigilance
20250127_grouper_4_425,84734.65000000001,Moving
20250127_grouper_4_426,87003.58333333334,Moving
20250127_grouper_4_427,115031.58333333334,Moving
20250127_grouper_4_428,120537.08333333334,Moving
20250127_negative-control_1_429,191391.2,Vigilance
20250127_negative-control_2_430,412395.3166666667,Moving
20250127_negative-control_4_431,336753.0833333333,Moving
20250127_negative-control_4_431,341574.56666666665,Feeding
20250127_negative-control_4_431,342208.5333333334,Bite
20250127_negative-control_4_431,342208.5333333334,Bite
20250127_negative-control_4_431,346462.7833333333,Bite
20250127_negative-control_4_431,350233.2166666667,Bite
20250127_negative-control_4_431,351567.8833333333,Bite
20250127_negative-control_4_431,353036.01666666666,Bite
20250127_negative-control_4_431,357707.35000000003,Bite
